ID,Residue name,Backbone,Sugar,Base,Details of fragments,Notes
1,,DPO,DC2,M5C,phosphate + deoxyribose + 5-methylcytosine,Central residue
2,,DPO,DC2,M1Y,phosphate + deoxyribose + pseudouridine,Central residue
3,,RPO,RC3,M5C,phosphate + ribose + 5-methylcytosine,Central residue
4,,RPO,RC3,M1Y,phosphate + ribose + pseudouridine,Central residue
5,,RPO,AF2,RUU,phosphate + 2'-fluoro + uracil,Central residue
6,,RPO,AF2,RAA,phosphate + 2'-fluoro + adenine,Central residue
7,,RPO,AF2,RCC,phosphate + 2'-fluoro + cytosine,Central residue
8,,RPO,AF2,RGG,phosphate + 2'-fluoro + guanine,Central residue
9,,RPO,AF2,M5C,phosphate + 2'-fluoro + 5-methylcytosine,Central residue
10,,RPO,AF2,M1Y,phosphate + 2'-fluoro + pseudouridine,Central residue
11,,RPO,OME,RUU,phosphate + 2'-O-methyl + uracil,Central residue
12,,RPO,OME,RAA,phosphate + 2'-O-methyl + adenine,Central residue
13,,RPO,OME,RCC,phosphate + 2'-O-methyl + cytosine,Central residue
14,,RPO,OME,RGG,phosphate + 2'-O-methyl + guanine,Central residue
15,,RPO,OME,M5C,phosphate + 2'-O-methyl + 5-methylcytosine,Central residue
16,,RPO,OME,M1Y,phosphate + 2'-O-methyl + pseudouridine,Central residue
17,,RPO,MOE,RUU,phosphate + 2'-O-(2-methoxyethyl) + uracil,Central residue
18,,RPO,MOE,RAA,phosphate + 2'-O-(2-methoxyethyl) + adenine,Central residue
19,,RPO,MOE,RCC,phosphate + 2'-O-(2-methoxyethyl) + cytosine,Central residue
20,,RPO,MOE,RGG,phosphate + 2'-O-(2-methoxyethyl) + guanine,Central residue
21,,RPO,MOE,M5C,phosphate + 2'-O-(2-methoxyethyl) + 5-methylcytosine,Central residue
22,,RPO,MOE,M1Y,phosphate + 2'-O-(2-methoxyethyl) + pseudouridine,Central residue
23,,PS1,DC2,DAA,Sp phosphorothioate + deoxyribose + adenine,Central residue
24,,PS1,DC2,DCC,Sp phosphorothioate + deoxyribose + cytosine,Central residue
25,,PS1,DC2,DGG,Sp phosphorothioate + deoxyribose + guanine,Central residue
26,,PS1,DC2,DTT,Sp phosphorothioate + deoxyribose + thymine,Central residue
27,,PS1,DC2,M5C,Sp phosphorothioate + deoxyribose + 5-methylcytosine,Central residue
28,,PS1,DC2,M1Y,Sp phosphorothioate + deoxyribose + pseudouridine,Central residue
29,,PS1,RC3,RUU,Sp phosphorothioate + ribose + uracil,Central residue
30,,PS1,RC3,RAA,Sp phosphorothioate + ribose + adenine,Central residue
31,,PS1,RC3,RCC,Sp phosphorothioate + ribose + cytosine,Central residue
32,,PS1,RC3,RGG,Sp phosphorothioate + ribose + guanine,Central residue
33,,PS1,RC3,M5C,Sp phosphorothioate + ribose + 5-methylcytosine,Central residue
34,,PS1,RC3,M1Y,Sp phosphorothioate + ribose + pseudouridine,Central residue
35,,PS1,AF2,RUU,Sp phosphorothioate + 2'-fluoro + uracil,Central residue
36,,PS1,AF2,RAA,Sp phosphorothioate + 2'-fluoro + adenine,Central residue
37,,PS1,AF2,RCC,Sp phosphorothioate + 2'-fluoro + cytosine,Central residue
38,,PS1,AF2,RGG,Sp phosphorothioate + 2'-fluoro + guanine,Central residue
39,,PS1,AF2,M5C,Sp phosphorothioate + 2'-fluoro + 5-methylcytosine,Central residue
40,,PS1,AF2,M1Y,Sp phosphorothioate + 2'-fluoro + pseudouridine,Central residue
41,,PS1,OME,RUU,Sp phosphorothioate + 2'-O-methyl + uracil,Central residue
42,,PS1,OME,RAA,Sp phosphorothioate + 2'-O-methyl + adenine,Central residue
43,,PS1,OME,RCC,Sp phosphorothioate + 2'-O-methyl + cytosine,Central residue
44,,PS1,OME,RGG,Sp phosphorothioate + 2'-O-methyl + guanine,Central residue
45,,PS1,OME,M5C,Sp phosphorothioate + 2'-O-methyl + 5-methylcytosine,Central residue
46,,PS1,OME,M1Y,Sp phosphorothioate + 2'-O-methyl + pseudouridine,Central residue
47,,PS1,MOE,RUU,Sp phosphorothioate + 2'-O-(2-methoxyethyl) + uracil,Central residue
48,,PS1,MOE,RAA,Sp phosphorothioate + 2'-O-(2-methoxyethyl) + adenine,Central residue
49,,PS1,MOE,RCC,Sp phosphorothioate + 2'-O-(2-methoxyethyl) + cytosine,Central residue
50,,PS1,MOE,RGG,Sp phosphorothioate + 2'-O-(2-methoxyethyl) + guanine,Central residue
51,,PS1,MOE,M5C,Sp phosphorothioate + 2'-O-(2-methoxyethyl) + 5-methylcytosine,Central residue
52,,PS1,MOE,M1Y,Sp phosphorothioate + 2'-O-(2-methoxyethyl) + pseudouridine,Central residue
53,,PS2,DC2,DAA,Rp phosphorothioate + deoxyribose + adenine,Central residue
54,,PS2,DC2,DCC,Rp phosphorothioate + deoxyribose + cytosine,Central residue
55,,PS2,DC2,DGG,Rp phosphorothioate + deoxyribose + guanine,Central residue
56,,PS2,DC2,DTT,Rp phosphorothioate + deoxyribose + thymine,Central residue
57,,PS2,DC2,M5C,Rp phosphorothioate + deoxyribose + 5-methylcytosine,Central residue
58,,PS2,DC2,M1Y,Rp phosphorothioate + deoxyribose + pseudouridine,Central residue
59,,PS2,RC3,RUU,Rp phosphorothioate + ribose + uracil,Central residue
60,,PS2,RC3,RAA,Rp phosphorothioate + ribose + adenine,Central residue
61,,PS2,RC3,RCC,Rp phosphorothioate + ribose + cytosine,Central residue
62,,PS2,RC3,RGG,Rp phosphorothioate + ribose + guanine,Central residue
63,,PS2,RC3,M5C,Rp phosphorothioate + ribose + 5-methylcytosine,Central residue
64,,PS2,RC3,M1Y,Rp phosphorothioate + ribose + pseudouridine,Central residue
65,,PS2,AF2,RUU,Rp phosphorothioate + 2'-fluoro + uracil,Central residue
66,,PS2,AF2,RAA,Rp phosphorothioate + 2'-fluoro + adenine,Central residue
67,,PS2,AF2,RCC,Rp phosphorothioate + 2'-fluoro + cytosine,Central residue
68,,PS2,AF2,RGG,Rp phosphorothioate + 2'-fluoro + guanine,Central residue
69,,PS2,AF2,M5C,Rp phosphorothioate + 2'-fluoro + 5-methylcytosine,Central residue
70,,PS2,AF2,M1Y,Rp phosphorothioate + 2'-fluoro + pseudouridine,Central residue
71,,PS2,OME,RUU,Rp phosphorothioate + 2'-O-methyl + uracil,Central residue
72,,PS2,OME,RAA,Rp phosphorothioate + 2'-O-methyl + adenine,Central residue
73,,PS2,OME,RCC,Rp phosphorothioate + 2'-O-methyl + cytosine,Central residue
74,,PS2,OME,RGG,Rp phosphorothioate + 2'-O-methyl + guanine,Central residue
75,,PS2,OME,M5C,Rp phosphorothioate + 2'-O-methyl + 5-methylcytosine,Central residue
76,,PS2,OME,M1Y,Rp phosphorothioate + 2'-O-methyl + pseudouridine,Central residue
77,,PS2,MOE,RUU,Rp phosphorothioate + 2'-O-(2-methoxyethyl) + uracil,Central residue
78,,PS2,MOE,RAA,Rp phosphorothioate + 2'-O-(2-methoxyethyl) + adenine,Central residue
79,,PS2,MOE,RCC,Rp phosphorothioate + 2'-O-(2-methoxyethyl) + cytosine,Central residue
80,,PS2,MOE,RGG,Rp phosphorothioate + 2'-O-(2-methoxyethyl) + guanine,Central residue
81,,PS2,MOE,M5C,Rp phosphorothioate + 2'-O-(2-methoxyethyl) + 5-methylcytosine,Central residue
82,,PS2,MOE,M1Y,Rp phosphorothioate + 2'-O-(2-methoxyethyl) + pseudouridine,Central residue
83,,DPO,DC2,RUU,phosphate + deoxyribose + uracil,Central residue
84,,PS1,DC2,RUU,Sp phosphorothioate + deoxyribose + uracil,Central residue
85,,PS2,DC2,RUU,Rp phosphorothioate + deoxyribose + uracil,Central residue
86,,RPO,RC3,DTT,phosphate + ribose + thymine,Central residue
87,,PS1,RC3,DTT,Sp phosphorothioate + ribose + thymine,Central residue
88,,PS2,RC3,DTT,Rp phosphorothioate + ribose + thymine,Central residue
89,,RPO,AF2,DTT,phosphate + 2'-fluoro + thymine,Central residue
90,,RPO,MOE,DTT,phosphate + 2'-O-(2-methoxyethyl) + thymine,Central residue
91,,RPO,OME,DTT,phosphate + 2'-O-methyl + thymine,Central residue
92,,PS1,AF2,DTT,Sp phosphorothioate + 2'-fluoro + thymine,Central residue
93,,PS1,MOE,DTT,Sp phosphorothioate + 2'-O-(2-methoxyethyl) + thymine,Central residue
94,,PS1,OME,DTT,Sp phosphorothioate + 2'-O-methyl + thymine,Central residue
95,,PS2,AF2,DTT,Rp phosphorothioate + 2'-fluoro + thymine,Central residue
96,,PS2,MOE,DTT,Rp phosphorothioate + 2'-O-(2-methoxyethyl) + thymine,Central residue
97,,PS2,OME,DTT,Rp phosphorothioate + 2'-O-methyl + thymine,Central residue
98,,DPO,DC2,M5C,phosphate + deoxyribose + 5-methylcytosine,3' terminal residue
99,,DPO,DC2,M1Y,phosphate + deoxyribose + pseudouridine,3' terminal residue
100,,RPO,RC3,M5C,phosphate + ribose + 5-methylcytosine,3' terminal residue
101,,RPO,RC3,M1Y,phosphate + ribose + pseudouridine,3' terminal residue
102,,RPO,AF2,RUU,phosphate + 2'-fluoro + uracil,3' terminal residue
103,,RPO,AF2,RAA,phosphate + 2'-fluoro + adenine,3' terminal residue
104,,RPO,AF2,RCC,phosphate + 2'-fluoro + cytosine,3' terminal residue
105,,RPO,AF2,RGG,phosphate + 2'-fluoro + guanine,3' terminal residue
106,,RPO,AF2,M5C,phosphate + 2'-fluoro + 5-methylcytosine,3' terminal residue
107,,RPO,AF2,M1Y,phosphate + 2'-fluoro + pseudouridine,3' terminal residue
108,,RPO,OME,RUU,phosphate + 2'-O-methyl + uracil,3' terminal residue
109,,RPO,OME,RAA,phosphate + 2'-O-methyl + adenine,3' terminal residue
110,,RPO,OME,RCC,phosphate + 2'-O-methyl + cytosine,3' terminal residue
111,,RPO,OME,RGG,phosphate + 2'-O-methyl + guanine,3' terminal residue
112,,RPO,OME,M5C,phosphate + 2'-O-methyl + 5-methylcytosine,3' terminal residue
113,,RPO,OME,M1Y,phosphate + 2'-O-methyl + pseudouridine,3' terminal residue
114,,RPO,MOE,RUU,phosphate + 2'-O-(2-methoxyethyl) + uracil,3' terminal residue
115,,RPO,MOE,RAA,phosphate + 2'-O-(2-methoxyethyl) + adenine,3' terminal residue
116,,RPO,MOE,RCC,phosphate + 2'-O-(2-methoxyethyl) + cytosine,3' terminal residue
117,,RPO,MOE,RGG,phosphate + 2'-O-(2-methoxyethyl) + guanine,3' terminal residue
118,,RPO,MOE,M5C,phosphate + 2'-O-(2-methoxyethyl) + 5-methylcytosine,3' terminal residue
119,,RPO,MOE,M1Y,phosphate + 2'-O-(2-methoxyethyl) + pseudouridine,3' terminal residue
120,,PS1,DC2,DAA,Sp phosphorothioate + deoxyribose + adenine,3' terminal residue
121,,PS1,DC2,DCC,Sp phosphorothioate + deoxyribose + cytosine,3' terminal residue
122,,PS1,DC2,DGG,Sp phosphorothioate + deoxyribose + guanine,3' terminal residue
123,,PS1,DC2,DTT,Sp phosphorothioate + deoxyribose + thymine,3' terminal residue
124,,PS1,DC2,M5C,Sp phosphorothioate + deoxyribose + 5-methylcytosine,3' terminal residue
125,,PS1,DC2,M1Y,Sp phosphorothioate + deoxyribose + pseudouridine,3' terminal residue
126,,PS1,RC3,RUU,Sp phosphorothioate + ribose + uracil,3' terminal residue
127,,PS1,RC3,RAA,Sp phosphorothioate + ribose + adenine,3' terminal residue
128,,PS1,RC3,RCC,Sp phosphorothioate + ribose + cytosine,3' terminal residue
129,,PS1,RC3,RGG,Sp phosphorothioate + ribose + guanine,3' terminal residue
130,,PS1,RC3,M5C,Sp phosphorothioate + ribose + 5-methylcytosine,3' terminal residue
131,,PS1,RC3,M1Y,Sp phosphorothioate + ribose + pseudouridine,3' terminal residue
132,,PS1,AF2,RUU,Sp phosphorothioate + 2'-fluoro + uracil,3' terminal residue
133,,PS1,AF2,RAA,Sp phosphorothioate + 2'-fluoro + adenine,3' terminal residue
134,,PS1,AF2,RCC,Sp phosphorothioate + 2'-fluoro + cytosine,3' terminal residue
135,,PS1,AF2,RGG,Sp phosphorothioate + 2'-fluoro + guanine,3' terminal residue
136,,PS1,AF2,M5C,Sp phosphorothioate + 2'-fluoro + 5-methylcytosine,3' terminal residue
137,,PS1,AF2,M1Y,Sp phosphorothioate + 2'-fluoro + pseudouridine,3' terminal residue
138,,PS1,OME,RUU,Sp phosphorothioate + 2'-O-methyl + uracil,3' terminal residue
139,,PS1,OME,RAA,Sp phosphorothioate + 2'-O-methyl + adenine,3' terminal residue
140,,PS1,OME,RCC,Sp phosphorothioate + 2'-O-methyl + cytosine,3' terminal residue
141,,PS1,OME,RGG,Sp phosphorothioate + 2'-O-methyl + guanine,3' terminal residue
142,,PS1,OME,M5C,Sp phosphorothioate + 2'-O-methyl + 5-methylcytosine,3' terminal residue
143,,PS1,OME,M1Y,Sp phosphorothioate + 2'-O-methyl + pseudouridine,3' terminal residue
144,,PS1,MOE,RUU,Sp phosphorothioate + 2'-O-(2-methoxyethyl) + uracil,3' terminal residue
145,,PS1,MOE,RAA,Sp phosphorothioate + 2'-O-(2-methoxyethyl) + adenine,3' terminal residue
146,,PS1,MOE,RCC,Sp phosphorothioate + 2'-O-(2-methoxyethyl) + cytosine,3' terminal residue
147,,PS1,MOE,RGG,Sp phosphorothioate + 2'-O-(2-methoxyethyl) + guanine,3' terminal residue
148,,PS1,MOE,M5C,Sp phosphorothioate + 2'-O-(2-methoxyethyl) + 5-methylcytosine,3' terminal residue
149,,PS1,MOE,M1Y,Sp phosphorothioate + 2'-O-(2-methoxyethyl) + pseudouridine,3' terminal residue
150,,PS2,DC2,DAA,Rp phosphorothioate + deoxyribose + adenine,3' terminal residue
151,,PS2,DC2,DCC,Rp phosphorothioate + deoxyribose + cytosine,3' terminal residue
152,,PS2,DC2,DGG,Rp phosphorothioate + deoxyribose + guanine,3' terminal residue
153,,PS2,DC2,DTT,Rp phosphorothioate + deoxyribose + thymine,3' terminal residue
154,,PS2,DC2,M5C,Rp phosphorothioate + deoxyribose + 5-methylcytosine,3' terminal residue
155,,PS2,DC2,M1Y,Rp phosphorothioate + deoxyribose + pseudouridine,3' terminal residue
156,,PS2,RC3,RUU,Rp phosphorothioate + ribose + uracil,3' terminal residue
157,,PS2,RC3,RAA,Rp phosphorothioate + ribose + adenine,3' terminal residue
158,,PS2,RC3,RCC,Rp phosphorothioate + ribose + cytosine,3' terminal residue
159,,PS2,RC3,RGG,Rp phosphorothioate + ribose + guanine,3' terminal residue
160,,PS2,RC3,M5C,Rp phosphorothioate + ribose + 5-methylcytosine,3' terminal residue
161,,PS2,RC3,M1Y,Rp phosphorothioate + ribose + pseudouridine,3' terminal residue
162,,PS2,AF2,RUU,Rp phosphorothioate + 2'-fluoro + uracil,3' terminal residue
163,,PS2,AF2,RAA,Rp phosphorothioate + 2'-fluoro + adenine,3' terminal residue
164,,PS2,AF2,RCC,Rp phosphorothioate + 2'-fluoro + cytosine,3' terminal residue
165,,PS2,AF2,RGG,Rp phosphorothioate + 2'-fluoro + guanine,3' terminal residue
166,,PS2,AF2,M5C,Rp phosphorothioate + 2'-fluoro + 5-methylcytosine,3' terminal residue
167,,PS2,AF2,M1Y,Rp phosphorothioate + 2'-fluoro + pseudouridine,3' terminal residue
168,,PS2,OME,RUU,Rp phosphorothioate + 2'-O-methyl + uracil,3' terminal residue
169,,PS2,OME,RAA,Rp phosphorothioate + 2'-O-methyl + adenine,3' terminal residue
170,,PS2,OME,RCC,Rp phosphorothioate + 2'-O-methyl + cytosine,3' terminal residue
171,,PS2,OME,RGG,Rp phosphorothioate + 2'-O-methyl + guanine,3' terminal residue
172,,PS2,OME,M5C,Rp phosphorothioate + 2'-O-methyl + 5-methylcytosine,3' terminal residue
173,,PS2,OME,M1Y,Rp phosphorothioate + 2'-O-methyl + pseudouridine,3' terminal residue
174,,PS2,MOE,RUU,Rp phosphorothioate + 2'-O-(2-methoxyethyl) + uracil,3' terminal residue
175,,PS2,MOE,RAA,Rp phosphorothioate + 2'-O-(2-methoxyethyl) + adenine,3' terminal residue
176,,PS2,MOE,RCC,Rp phosphorothioate + 2'-O-(2-methoxyethyl) + cytosine,3' terminal residue
177,,PS2,MOE,RGG,Rp phosphorothioate + 2'-O-(2-methoxyethyl) + guanine,3' terminal residue
178,,PS2,MOE,M5C,Rp phosphorothioate + 2'-O-(2-methoxyethyl) + 5-methylcytosine,3' terminal residue
179,,PS2,MOE,M1Y,Rp phosphorothioate + 2'-O-(2-methoxyethyl) + pseudouridine,3' terminal residue
180,,DPO,DC2,RUU,phosphate + deoxyribose + uracil,3' terminal residue
181,,PS1,DC2,RUU,Sp phosphorothioate + deoxyribose + uracil,3' terminal residue
182,,PS2,DC2,RUU,Rp phosphorothioate + deoxyribose + uracil,3' terminal residue
183,,RPO,RC3,DTT,phosphate + ribose + thymine,3' terminal residue
184,,PS1,RC3,DTT,Sp phosphorothioate + ribose + thymine,3' terminal residue
185,,PS2,RC3,DTT,Rp phosphorothioate + ribose + thymine,3' terminal residue
186,,RPO,AF2,DTT,phosphate + 2'-fluoro + thymine,3' terminal residue
187,,RPO,MOE,DTT,phosphate + 2'-O-(2-methoxyethyl) + thymine,3' terminal residue
188,,RPO,OME,DTT,phosphate + 2'-O-methyl + thymine,3' terminal residue
189,,PS1,AF2,DTT,Sp phosphorothioate + 2'-fluoro + thymine,3' terminal residue
190,,PS1,MOE,DTT,Sp phosphorothioate + 2'-O-(2-methoxyethyl) + thymine,3' terminal residue
191,,PS1,OME,DTT,Sp phosphorothioate + 2'-O-methyl + thymine,3' terminal residue
192,,PS2,AF2,DTT,Rp phosphorothioate + 2'-fluoro + thymine,3' terminal residue
193,,PS2,MOE,DTT,Rp phosphorothioate + 2'-O-(2-methoxyethyl) + thymine,3' terminal residue
194,,PS2,OME,DTT,Rp phosphorothioate + 2'-O-methyl + thymine,3' terminal residue
195,,5PO,DC2,M5C,5'OH + deoxyribose + 5-methylcytosine,5' terminal residue
196,,5PO,DC2,M1Y,5'OH + deoxyribose + pseudouridine,5' terminal residue
197,,5PO,RC3,M5C,5'OH + ribose + 5-methylcytosine,5' terminal residue
198,,5PO,RC3,M1Y,5'OH + ribose + pseudouridine,5' terminal residue
199,,5PO,AF2,RUU,5'OH + 2'-fluoro + uracil,5' terminal residue
200,,5PO,AF2,RAA,5'OH + 2'-fluoro + adenine,5' terminal residue
201,,5PO,AF2,RCC,5'OH + 2'-fluoro + cytosine,5' terminal residue
202,,5PO,AF2,RGG,5'OH + 2'-fluoro + guanine,5' terminal residue
203,,5PO,AF2,M5C,5'OH + 2'-fluoro + 5-methylcytosine,5' terminal residue
204,,5PO,AF2,M1Y,5'OH + 2'-fluoro + pseudouridine,5' terminal residue
205,,5PO,OME,RUU,5'OH + 2'-O-methyl + uracil,5' terminal residue
206,,5PO,OME,RAA,5'OH + 2'-O-methyl + adenine,5' terminal residue
207,,5PO,OME,RCC,5'OH + 2'-O-methyl + cytosine,5' terminal residue
208,,5PO,OME,RGG,5'OH + 2'-O-methyl + guanine,5' terminal residue
209,,5PO,OME,M5C,5'OH + 2'-O-methyl + 5-methylcytosine,5' terminal residue
210,,5PO,OME,M1Y,5'OH + 2'-O-methyl + pseudouridine,5' terminal residue
211,,5PO,MOE,RUU,5'OH + 2'-O-(2-methoxyethyl) + uracil,5' terminal residue
212,,5PO,MOE,RAA,5'OH + 2'-O-(2-methoxyethyl) + adenine,5' terminal residue
213,,5PO,MOE,RCC,5'OH + 2'-O-(2-methoxyethyl) + cytosine,5' terminal residue
214,,5PO,MOE,RGG,5'OH + 2'-O-(2-methoxyethyl) + guanine,5' terminal residue
215,,5PO,MOE,M5C,5'OH + 2'-O-(2-methoxyethyl) + 5-methylcytosine,5' terminal residue
216,,5PO,MOE,M1Y,5'OH + 2'-O-(2-methoxyethyl) + pseudouridine,5' terminal residue
217,,5PO,DC2,RUU,5'OH + deoxyribose + uracil,5' terminal residue
218,,5PO,RC3,DTT,5'OH + ribose + thymine,5' terminal residue
219,,5PO,AF2,DTT,5'OH + 2'-fluoro + thymine,5' terminal residue
220,,5PO,MOE,DTT,5'OH + 2'-O-(2-methoxyethyl) + thymine,5' terminal residue
221,,5PO,OME,DTT,5'OH + 2'-O-methyl + thymine,5' terminal residue