ID,Residue name,Backbone,Sugar,Base,Details of fragments,Notes
1,DIO,DPO,DC2,M5C,phosphate + deoxyribose + 5-methylcytosine,Central residue
2,BXK,DPO,DC2,M1Y,phosphate + deoxyribose + pseudouridine,Central residue
3,MDT,RPO,RC3,M5C,phosphate + ribose + 5-methylcytosine,Central residue
4,OSG,RPO,RC3,M1Y,phosphate + ribose + pseudouridine,Central residue
5,KFU,RPO,AF2,RUU,phosphate + 2'-fluoro + uracil,Central residue
6,LLM,RPO,AF2,RAA,phosphate + 2'-fluoro + adenine,Central residue
7,IRO,RPO,AF2,RCC,phosphate + 2'-fluoro + cytosine,Central residue
8,RJG,RPO,AF2,RGG,phosphate + 2'-fluoro + guanine,Central residue
9,UFM,RPO,AF2,M5C,phosphate + 2'-fluoro + 5-methylcytosine,Central residue
10,QZW,RPO,AF2,M1Y,phosphate + 2'-fluoro + pseudouridine,Central residue
11,RZS,RPO,OME,RUU,phosphate + 2'-O-methyl + uracil,Central residue
12,RWB,RPO,OME,RAA,phosphate + 2'-O-methyl + adenine,Central residue
13,WGK,RPO,OME,RCC,phosphate + 2'-O-methyl + cytosine,Central residue
14,AHX,RPO,OME,RGG,phosphate + 2'-O-methyl + guanine,Central residue
15,KCP,RPO,OME,M5C,phosphate + 2'-O-methyl + 5-methylcytosine,Central residue
16,NKA,RPO,OME,M1Y,phosphate + 2'-O-methyl + pseudouridine,Central residue
17,AWP,RPO,MOE,RUU,phosphate + 2'-O-(2-methoxyethyl) + uracil,Central residue
18,YBB,RPO,MOE,RAA,phosphate + 2'-O-(2-methoxyethyl) + adenine,Central residue
19,XAR,RPO,MOE,RCC,phosphate + 2'-O-(2-methoxyethyl) + cytosine,Central residue
20,ESK,RPO,MOE,RGG,phosphate + 2'-O-(2-methoxyethyl) + guanine,Central residue
21,HDK,RPO,MOE,M5C,phosphate + 2'-O-(2-methoxyethyl) + 5-methylcytosine,Central residue
22,MIV,RPO,MOE,M1Y,phosphate + 2'-O-(2-methoxyethyl) + pseudouridine,Central residue
23,AAS,PS1,DC2,DAA,Sp phosphorothioate + deoxyribose + adenine,Central residue
24,CLU,PS1,DC2,DCC,Sp phosphorothioate + deoxyribose + cytosine,Central residue
25,FXP,PS1,DC2,DGG,Sp phosphorothioate + deoxyribose + guanine,Central residue
26,ITY,PS1,DC2,DTT,Sp phosphorothioate + deoxyribose + thymine,Central residue
27,OQO,PS1,DC2,M5C,Sp phosphorothioate + deoxyribose + 5-methylcytosine,Central residue
28,HSF,PS1,DC2,M1Y,Sp phosphorothioate + deoxyribose + pseudouridine,Central residue
29,GHY,PS1,RC3,RUU,Sp phosphorothioate + ribose + uracil,Central residue
30,MLY,PS1,RC3,RAA,Sp phosphorothioate + ribose + adenine,Central residue
31,YWI,PS1,RC3,RCC,Sp phosphorothioate + ribose + cytosine,Central residue
32,OQT,PS1,RC3,RGG,Sp phosphorothioate + ribose + guanine,Central residue
33,AHG,PS1,RC3,M5C,Sp phosphorothioate + ribose + 5-methylcytosine,Central residue
34,ZVT,PS1,RC3,M1Y,Sp phosphorothioate + ribose + pseudouridine,Central residue
35,RTW,PS1,AF2,RUU,Sp phosphorothioate + 2'-fluoro + uracil,Central residue
36,OGB,PS1,AF2,RAA,Sp phosphorothioate + 2'-fluoro + adenine,Central residue
37,DXI,PS1,AF2,RCC,Sp phosphorothioate + 2'-fluoro + cytosine,Central residue
38,FHE,PS1,AF2,RGG,Sp phosphorothioate + 2'-fluoro + guanine,Central residue
39,LFR,PS1,AF2,M5C,Sp phosphorothioate + 2'-fluoro + 5-methylcytosine,Central residue
40,WKV,PS1,AF2,M1Y,Sp phosphorothioate + 2'-fluoro + pseudouridine,Central residue
41,QIT,PS1,OME,RUU,Sp phosphorothioate + 2'-O-methyl + uracil,Central residue
42,VOA,PS1,OME,RAA,Sp phosphorothioate + 2'-O-methyl + adenine,Central residue
43,YUD,PS1,OME,RCC,Sp phosphorothioate + 2'-O-methyl + cytosine,Central residue
44,WJN,PS1,OME,RGG,Sp phosphorothioate + 2'-O-methyl + guanine,Central residue
45,ZOK,PS1,OME,M5C,Sp phosphorothioate + 2'-O-methyl + 5-methylcytosine,Central residue
46,OWT,PS1,OME,M1Y,Sp phosphorothioate + 2'-O-methyl + pseudouridine,Central residue
47,WSP,PS1,MOE,RUU,Sp phosphorothioate + 2'-O-(2-methoxyethyl) + uracil,Central residue
48,POX,PS1,MOE,RAA,Sp phosphorothioate + 2'-O-(2-methoxyethyl) + adenine,Central residue
49,YTS,PS1,MOE,RCC,Sp phosphorothioate + 2'-O-(2-methoxyethyl) + cytosine,Central residue
50,VAE,PS1,MOE,RGG,Sp phosphorothioate + 2'-O-(2-methoxyethyl) + guanine,Central residue
51,YHB,PS1,MOE,M5C,Sp phosphorothioate + 2'-O-(2-methoxyethyl) + 5-methylcytosine,Central residue
52,PWE,PS1,MOE,M1Y,Sp phosphorothioate + 2'-O-(2-methoxyethyl) + pseudouridine,Central residue
53,OAV,PS2,DC2,DAA,Rp phosphorothioate + deoxyribose + adenine,Central residue
54,CAU,PS2,DC2,DCC,Rp phosphorothioate + deoxyribose + cytosine,Central residue
55,JEV,PS2,DC2,DGG,Rp phosphorothioate + deoxyribose + guanine,Central residue
56,VRO,PS2,DC2,DTT,Rp phosphorothioate + deoxyribose + thymine,Central residue
57,HQC,PS2,DC2,M5C,Rp phosphorothioate + deoxyribose + 5-methylcytosine,Central residue
58,QGD,PS2,DC2,M1Y,Rp phosphorothioate + deoxyribose + pseudouridine,Central residue
59,YQX,PS2,RC3,RUU,Rp phosphorothioate + ribose + uracil,Central residue
60,WFT,PS2,RC3,RAA,Rp phosphorothioate + ribose + adenine,Central residue
61,OGE,PS2,RC3,RCC,Rp phosphorothioate + ribose + cytosine,Central residue
62,CZI,PS2,RC3,RGG,Rp phosphorothioate + ribose + guanine,Central residue
63,ASU,PS2,RC3,M5C,Rp phosphorothioate + ribose + 5-methylcytosine,Central residue
64,EYP,PS2,RC3,M1Y,Rp phosphorothioate + ribose + pseudouridine,Central residue
65,MBZ,PS2,AF2,RUU,Rp phosphorothioate + 2'-fluoro + uracil,Central residue
66,PWH,PS2,AF2,RAA,Rp phosphorothioate + 2'-fluoro + adenine,Central residue
67,CJG,PS2,AF2,RCC,Rp phosphorothioate + 2'-fluoro + cytosine,Central residue
68,YAM,PS2,AF2,RGG,Rp phosphorothioate + 2'-fluoro + guanine,Central residue
69,ZDX,PS2,AF2,M5C,Rp phosphorothioate + 2'-fluoro + 5-methylcytosine,Central residue
70,OUC,PS2,AF2,M1Y,Rp phosphorothioate + 2'-fluoro + pseudouridine,Central residue
71,MWX,PS2,OME,RUU,Rp phosphorothioate + 2'-O-methyl + uracil,Central residue
72,IJB,PS2,OME,RAA,Rp phosphorothioate + 2'-O-methyl + adenine,Central residue
73,INI,PS2,OME,RCC,Rp phosphorothioate + 2'-O-methyl + cytosine,Central residue
74,BTJ,PS2,OME,RGG,Rp phosphorothioate + 2'-O-methyl + guanine,Central residue
75,RNM,PS2,OME,M5C,Rp phosphorothioate + 2'-O-methyl + 5-methylcytosine,Central residue
76,ZSF,PS2,OME,M1Y,Rp phosphorothioate + 2'-O-methyl + pseudouridine,Central residue
77,CSG,PS2,MOE,RUU,Rp phosphorothioate + 2'-O-(2-methoxyethyl) + uracil,Central residue
78,YUR,PS2,MOE,RAA,Rp phosphorothioate + 2'-O-(2-methoxyethyl) + adenine,Central residue
79,VIS,PS2,MOE,RCC,Rp phosphorothioate + 2'-O-(2-methoxyethyl) + cytosine,Central residue
80,KDE,PS2,MOE,RGG,Rp phosphorothioate + 2'-O-(2-methoxyethyl) + guanine,Central residue
81,TRR,PS2,MOE,M5C,Rp phosphorothioate + 2'-O-(2-methoxyethyl) + 5-methylcytosine,Central residue
82,XNO,PS2,MOE,M1Y,Rp phosphorothioate + 2'-O-(2-methoxyethyl) + pseudouridine,Central residue
83,IYL,DPO,DC2,RUU,phosphate + deoxyribose + uracil,Central residue
84,UXZ,PS1,DC2,RUU,Sp phosphorothioate + deoxyribose + uracil,Central residue
85,IQG,PS2,DC2,RUU,Rp phosphorothioate + deoxyribose + uracil,Central residue
86,LUZ,RPO,RC3,DTT,phosphate + ribose + thymine,Central residue
87,PUH,PS1,RC3,DTT,Sp phosphorothioate + ribose + thymine,Central residue
88,SMW,PS2,RC3,DTT,Rp phosphorothioate + ribose + thymine,Central residue
89,USB,RPO,AF2,DTT,phosphate + 2'-fluoro + thymine,Central residue
90,BHM,RPO,MOE,DTT,phosphate + 2'-O-(2-methoxyethyl) + thymine,Central residue
91,SWU,RPO,OME,DTT,phosphate + 2'-O-methyl + thymine,Central residue
92,LMB,PS1,AF2,DTT,Sp phosphorothioate + 2'-fluoro + thymine,Central residue
93,ORI,PS1,MOE,DTT,Sp phosphorothioate + 2'-O-(2-methoxyethyl) + thymine,Central residue
94,NOA,PS1,OME,DTT,Sp phosphorothioate + 2'-O-methyl + thymine,Central residue
95,LFU,PS2,AF2,DTT,Rp phosphorothioate + 2'-fluoro + thymine,Central residue
96,LNP,PS2,MOE,DTT,Rp phosphorothioate + 2'-O-(2-methoxyethyl) + thymine,Central residue
97,XWO,PS2,OME,DTT,Rp phosphorothioate + 2'-O-methyl + thymine,Central residue
98,GZH,DPO,DC2,M5C,phosphate + deoxyribose + 5-methylcytosine,3' terminal residue
99,ADB,DPO,DC2,M1Y,phosphate + deoxyribose + pseudouridine,3' terminal residue
100,BYJ,RPO,RC3,M5C,phosphate + ribose + 5-methylcytosine,3' terminal residue
101,HPF,RPO,RC3,M1Y,phosphate + ribose + pseudouridine,3' terminal residue
102,OVZ,RPO,AF2,RUU,phosphate + 2'-fluoro + uracil,3' terminal residue
103,ATC,RPO,AF2,RAA,phosphate + 2'-fluoro + adenine,3' terminal residue
104,KSL,RPO,AF2,RCC,phosphate + 2'-fluoro + cytosine,3' terminal residue
105,TRP,RPO,AF2,RGG,phosphate + 2'-fluoro + guanine,3' terminal residue
106,GSY,RPO,AF2,M5C,phosphate + 2'-fluoro + 5-methylcytosine,3' terminal residue
107,SAR,RPO,AF2,M1Y,phosphate + 2'-fluoro + pseudouridine,3' terminal residue
108,CQN,RPO,OME,RUU,phosphate + 2'-O-methyl + uracil,3' terminal residue
109,BYQ,RPO,OME,RAA,phosphate + 2'-O-methyl + adenine,3' terminal residue
110,GLP,RPO,OME,RCC,phosphate + 2'-O-methyl + cytosine,3' terminal residue
111,NBI,RPO,OME,RGG,phosphate + 2'-O-methyl + guanine,3' terminal residue
112,IKE,RPO,OME,M5C,phosphate + 2'-O-methyl + 5-methylcytosine,3' terminal residue
113,KAI,RPO,OME,M1Y,phosphate + 2'-O-methyl + pseudouridine,3' terminal residue
114,HOJ,RPO,MOE,RUU,phosphate + 2'-O-(2-methoxyethyl) + uracil,3' terminal residue
115,CPZ,RPO,MOE,RAA,phosphate + 2'-O-(2-methoxyethyl) + adenine,3' terminal residue
116,JBD,RPO,MOE,RCC,phosphate + 2'-O-(2-methoxyethyl) + cytosine,3' terminal residue
117,DGL,RPO,MOE,RGG,phosphate + 2'-O-(2-methoxyethyl) + guanine,3' terminal residue
118,JLA,RPO,MOE,M5C,phosphate + 2'-O-(2-methoxyethyl) + 5-methylcytosine,3' terminal residue
119,SHC,RPO,MOE,M1Y,phosphate + 2'-O-(2-methoxyethyl) + pseudouridine,3' terminal residue
120,RJQ,PS1,DC2,DAA,Sp phosphorothioate + deoxyribose + adenine,3' terminal residue
121,VWU,PS1,DC2,DCC,Sp phosphorothioate + deoxyribose + cytosine,3' terminal residue
122,VFS,PS1,DC2,DGG,Sp phosphorothioate + deoxyribose + guanine,3' terminal residue
123,NHN,PS1,DC2,DTT,Sp phosphorothioate + deoxyribose + thymine,3' terminal residue
124,ZPL,PS1,DC2,M5C,Sp phosphorothioate + deoxyribose + 5-methylcytosine,3' terminal residue
125,FYK,PS1,DC2,M1Y,Sp phosphorothioate + deoxyribose + pseudouridine,3' terminal residue
126,HAX,PS1,RC3,RUU,Sp phosphorothioate + ribose + uracil,3' terminal residue
127,HEJ,PS1,RC3,RAA,Sp phosphorothioate + ribose + adenine,3' terminal residue
128,LZW,PS1,RC3,RCC,Sp phosphorothioate + ribose + cytosine,3' terminal residue
129,CST,PS1,RC3,RGG,Sp phosphorothioate + ribose + guanine,3' terminal residue
130,ZBI,PS1,RC3,M5C,Sp phosphorothioate + ribose + 5-methylcytosine,3' terminal residue
131,GMM,PS1,RC3,M1Y,Sp phosphorothioate + ribose + pseudouridine,3' terminal residue
132,PRV,PS1,AF2,RUU,Sp phosphorothioate + 2'-fluoro + uracil,3' terminal residue
133,GNX,PS1,AF2,RAA,Sp phosphorothioate + 2'-fluoro + adenine,3' terminal residue
134,DSC,PS1,AF2,RCC,Sp phosphorothioate + 2'-fluoro + cytosine,3' terminal residue
135,QDF,PS1,AF2,RGG,Sp phosphorothioate + 2'-fluoro + guanine,3' terminal residue
136,AYZ,PS1,AF2,M5C,Sp phosphorothioate + 2'-fluoro + 5-methylcytosine,3' terminal residue
137,TLC,PS1,AF2,M1Y,Sp phosphorothioate + 2'-fluoro + pseudouridine,3' terminal residue
138,KXK,PS1,OME,RUU,Sp phosphorothioate + 2'-O-methyl + uracil,3' terminal residue
139,GPO,PS1,OME,RAA,Sp phosphorothioate + 2'-O-methyl + adenine,3' terminal residue
140,ZFN,PS1,OME,RCC,Sp phosphorothioate + 2'-O-methyl + cytosine,3' terminal residue
141,GBL,PS1,OME,RGG,Sp phosphorothioate + 2'-O-methyl + guanine,3' terminal residue
142,HHY,PS1,OME,M5C,Sp phosphorothioate + 2'-O-methyl + 5-methylcytosine,3' terminal residue
143,CMX,PS1,OME,M1Y,Sp phosphorothioate + 2'-O-methyl + pseudouridine,3' terminal residue
144,SWW,PS1,MOE,RUU,Sp phosphorothioate + 2'-O-(2-methoxyethyl) + uracil,3' terminal residue
145,NFF,PS1,MOE,RAA,Sp phosphorothioate + 2'-O-(2-methoxyethyl) + adenine,3' terminal residue
146,QTO,PS1,MOE,RCC,Sp phosphorothioate + 2'-O-(2-methoxyethyl) + cytosine,3' terminal residue
147,CBS,PS1,MOE,RGG,Sp phosphorothioate + 2'-O-(2-methoxyethyl) + guanine,3' terminal residue
148,BTU,PS1,MOE,M5C,Sp phosphorothioate + 2'-O-(2-methoxyethyl) + 5-methylcytosine,3' terminal residue
149,TBR,PS1,MOE,M1Y,Sp phosphorothioate + 2'-O-(2-methoxyethyl) + pseudouridine,3' terminal residue
150,KLG,PS2,DC2,DAA,Rp phosphorothioate + deoxyribose + adenine,3' terminal residue
151,CGI,PS2,DC2,DCC,Rp phosphorothioate + deoxyribose + cytosine,3' terminal residue
152,LWB,PS2,DC2,DGG,Rp phosphorothioate + deoxyribose + guanine,3' terminal residue
153,GKW,PS2,DC2,DTT,Rp phosphorothioate + deoxyribose + thymine,3' terminal residue
154,SRK,PS2,DC2,M5C,Rp phosphorothioate + deoxyribose + 5-methylcytosine,3' terminal residue
155,GJM,PS2,DC2,M1Y,Rp phosphorothioate + deoxyribose + pseudouridine,3' terminal residue
156,YWW,PS2,RC3,RUU,Rp phosphorothioate + ribose + uracil,3' terminal residue
157,CAM,PS2,RC3,RAA,Rp phosphorothioate + ribose + adenine,3' terminal residue
158,JHV,PS2,RC3,RCC,Rp phosphorothioate + ribose + cytosine,3' terminal residue
159,XOL,PS2,RC3,RGG,Rp phosphorothioate + ribose + guanine,3' terminal residue
160,JDT,PS2,RC3,M5C,Rp phosphorothioate + ribose + 5-methylcytosine,3' terminal residue
161,PYV,PS2,RC3,M1Y,Rp phosphorothioate + ribose + pseudouridine,3' terminal residue
162,HHH,PS2,AF2,RUU,Rp phosphorothioate + 2'-fluoro + uracil,3' terminal residue
163,IIY,PS2,AF2,RAA,Rp phosphorothioate + 2'-fluoro + adenine,3' terminal residue
164,WVX,PS2,AF2,RCC,Rp phosphorothioate + 2'-fluoro + cytosine,3' terminal residue
165,LGA,PS2,AF2,RGG,Rp phosphorothioate + 2'-fluoro + guanine,3' terminal residue
166,IIB,PS2,AF2,M5C,Rp phosphorothioate + 2'-fluoro + 5-methylcytosine,3' terminal residue
167,DSA,PS2,AF2,M1Y,Rp phosphorothioate + 2'-fluoro + pseudouridine,3' terminal residue
168,XFR,PS2,OME,RUU,Rp phosphorothioate + 2'-O-methyl + uracil,3' terminal residue
169,ZDA,PS2,OME,RAA,Rp phosphorothioate + 2'-O-methyl + adenine,3' terminal residue
170,NPR,PS2,OME,RCC,Rp phosphorothioate + 2'-O-methyl + cytosine,3' terminal residue
171,CPG,PS2,OME,RGG,Rp phosphorothioate + 2'-O-methyl + guanine,3' terminal residue
172,WZI,PS2,OME,M5C,Rp phosphorothioate + 2'-O-methyl + 5-methylcytosine,3' terminal residue
173,UHW,PS2,OME,M1Y,Rp phosphorothioate + 2'-O-methyl + pseudouridine,3' terminal residue
174,MLZ,PS2,MOE,RUU,Rp phosphorothioate + 2'-O-(2-methoxyethyl) + uracil,3' terminal residue
175,WUC,PS2,MOE,RAA,Rp phosphorothioate + 2'-O-(2-methoxyethyl) + adenine,3' terminal residue
176,SJU,PS2,MOE,RCC,Rp phosphorothioate + 2'-O-(2-methoxyethyl) + cytosine,3' terminal residue
177,KBM,PS2,MOE,RGG,Rp phosphorothioate + 2'-O-(2-methoxyethyl) + guanine,3' terminal residue
178,OAU,PS2,MOE,M5C,Rp phosphorothioate + 2'-O-(2-methoxyethyl) + 5-methylcytosine,3' terminal residue
179,LGE,PS2,MOE,M1Y,Rp phosphorothioate + 2'-O-(2-methoxyethyl) + pseudouridine,3' terminal residue
180,CQB,DPO,DC2,RUU,phosphate + deoxyribose + uracil,3' terminal residue
181,NWA,PS1,DC2,RUU,Sp phosphorothioate + deoxyribose + uracil,3' terminal residue
182,IAW,PS2,DC2,RUU,Rp phosphorothioate + deoxyribose + uracil,3' terminal residue
183,RZE,RPO,RC3,DTT,phosphate + ribose + thymine,3' terminal residue
184,YPM,PS1,RC3,DTT,Sp phosphorothioate + ribose + thymine,3' terminal residue
185,YCS,PS2,RC3,DTT,Rp phosphorothioate + ribose + thymine,3' terminal residue
186,TNS,RPO,AF2,DTT,phosphate + 2'-fluoro + thymine,3' terminal residue
187,TZY,RPO,MOE,DTT,phosphate + 2'-O-(2-methoxyethyl) + thymine,3' terminal residue
188,QFI,RPO,OME,DTT,phosphate + 2'-O-methyl + thymine,3' terminal residue
189,ZQI,PS1,AF2,DTT,Sp phosphorothioate + 2'-fluoro + thymine,3' terminal residue
190,STS,PS1,MOE,DTT,Sp phosphorothioate + 2'-O-(2-methoxyethyl) + thymine,3' terminal residue
191,PWN,PS1,OME,DTT,Sp phosphorothioate + 2'-O-methyl + thymine,3' terminal residue
192,ADR,PS2,AF2,DTT,Rp phosphorothioate + 2'-fluoro + thymine,3' terminal residue
193,YFN,PS2,MOE,DTT,Rp phosphorothioate + 2'-O-(2-methoxyethyl) + thymine,3' terminal residue
194,VSJ,PS2,OME,DTT,Rp phosphorothioate + 2'-O-methyl + thymine,3' terminal residue
195,UDU,5PO,DC2,M5C,5'OH + deoxyribose + 5-methylcytosine,5' terminal residue
196,TBA,5PO,DC2,M1Y,5'OH + deoxyribose + pseudouridine,5' terminal residue
197,DFT,5PO,RC3,M5C,5'OH + ribose + 5-methylcytosine,5' terminal residue
198,HDN,5PO,RC3,M1Y,5'OH + ribose + pseudouridine,5' terminal residue
199,YIQ,5PO,AF2,RUU,5'OH + 2'-fluoro + uracil,5' terminal residue
200,QFC,5PO,AF2,RAA,5'OH + 2'-fluoro + adenine,5' terminal residue
201,SEU,5PO,AF2,RCC,5'OH + 2'-fluoro + cytosine,5' terminal residue
202,ZML,5PO,AF2,RGG,5'OH + 2'-fluoro + guanine,5' terminal residue
203,USI,5PO,AF2,M5C,5'OH + 2'-fluoro + 5-methylcytosine,5' terminal residue
204,ROX,5PO,AF2,M1Y,5'OH + 2'-fluoro + pseudouridine,5' terminal residue
205,OFO,5PO,OME,RUU,5'OH + 2'-O-methyl + uracil,5' terminal residue
206,NYO,5PO,OME,RAA,5'OH + 2'-O-methyl + adenine,5' terminal residue
207,ZFC,5PO,OME,RCC,5'OH + 2'-O-methyl + cytosine,5' terminal residue
208,SBE,5PO,OME,RGG,5'OH + 2'-O-methyl + guanine,5' terminal residue
209,MKO,5PO,OME,M5C,5'OH + 2'-O-methyl + 5-methylcytosine,5' terminal residue
210,OFB,5PO,OME,M1Y,5'OH + 2'-O-methyl + pseudouridine,5' terminal residue
211,BNR,5PO,MOE,RUU,5'OH + 2'-O-(2-methoxyethyl) + uracil,5' terminal residue
212,RNH,5PO,MOE,RAA,5'OH + 2'-O-(2-methoxyethyl) + adenine,5' terminal residue
213,PXT,5PO,MOE,RCC,5'OH + 2'-O-(2-methoxyethyl) + cytosine,5' terminal residue
214,FDA,5PO,MOE,RGG,5'OH + 2'-O-(2-methoxyethyl) + guanine,5' terminal residue
215,JJL,5PO,MOE,M5C,5'OH + 2'-O-(2-methoxyethyl) + 5-methylcytosine,5' terminal residue
216,PWR,5PO,MOE,M1Y,5'OH + 2'-O-(2-methoxyethyl) + pseudouridine,5' terminal residue
217,ZNC,5PO,DC2,RUU,5'OH + deoxyribose + uracil,5' terminal residue
218,YUE,5PO,RC3,DTT,5'OH + ribose + thymine,5' terminal residue
219,SNJ,5PO,AF2,DTT,5'OH + 2'-fluoro + thymine,5' terminal residue
220,BFX,5PO,MOE,DTT,5'OH + 2'-O-(2-methoxyethyl) + thymine,5' terminal residue
221,YFQ,5PO,OME,DTT,5'OH + 2'-O-methyl + thymine,5' terminal residue
