ID,Residue name,Backbone,Sugar,Base,Details of fragments,Notes
1,QGD,DPO,DC2,M5C,phosphate + deoxyribose + 5-methylcytosine,Central residue
2,VAF,DPO,DC2,M1Y,phosphate + deoxyribose + pseudouridine,Central residue
3,BSW,RPO,RC3,M5C,phosphate + ribose + 5-methylcytosine,Central residue
4,PYE,RPO,RC3,M1Y,phosphate + ribose + pseudouridine,Central residue
5,YWD,RPO,AF2,RUU,phosphate + 2'-fluoro + uracil,Central residue
6,EFE,RPO,AF2,RAA,phosphate + 2'-fluoro + adenine,Central residue
7,ELJ,RPO,AF2,RCC,phosphate + 2'-fluoro + cytosine,Central residue
8,KDT,RPO,AF2,RGG,phosphate + 2'-fluoro + guanine,Central residue
9,ECW,RPO,AF2,M5C,phosphate + 2'-fluoro + 5-methylcytosine,Central residue
10,BGW,RPO,AF2,M1Y,phosphate + 2'-fluoro + pseudouridine,Central residue
11,GFW,RPO,OME,RUU,phosphate + 2'-O-methyl + uracil,Central residue
12,LSJ,RPO,OME,RAA,phosphate + 2'-O-methyl + adenine,Central residue
13,XLN,RPO,OME,RCC,phosphate + 2'-O-methyl + cytosine,Central residue
14,TDC,RPO,OME,RGG,phosphate + 2'-O-methyl + guanine,Central residue
15,ROL,RPO,OME,M5C,phosphate + 2'-O-methyl + 5-methylcytosine,Central residue
16,ASC,RPO,OME,M1Y,phosphate + 2'-O-methyl + pseudouridine,Central residue
17,FMD,RPO,MOE,RUU,phosphate + 2'-O-(2-methoxyethyl) + uracil,Central residue
18,MPB,RPO,MOE,RAA,phosphate + 2'-O-(2-methoxyethyl) + adenine,Central residue
19,JWL,RPO,MOE,RCC,phosphate + 2'-O-(2-methoxyethyl) + cytosine,Central residue
20,RAT,RPO,MOE,RGG,phosphate + 2'-O-(2-methoxyethyl) + guanine,Central residue
21,GRG,RPO,MOE,M5C,phosphate + 2'-O-(2-methoxyethyl) + 5-methylcytosine,Central residue
22,YSJ,RPO,MOE,M1Y,phosphate + 2'-O-(2-methoxyethyl) + pseudouridine,Central residue
23,VCM,PS1,DC2,DAA,Sp phosphorothioate + deoxyribose + adenine,Central residue
24,SKX,PS1,DC2,DCC,Sp phosphorothioate + deoxyribose + cytosine,Central residue
25,JWD,PS1,DC2,DGG,Sp phosphorothioate + deoxyribose + guanine,Central residue
26,BBT,PS1,DC2,DTT,Sp phosphorothioate + deoxyribose + thymine,Central residue
27,PKH,PS1,DC2,M5C,Sp phosphorothioate + deoxyribose + 5-methylcytosine,Central residue
28,DNO,PS1,DC2,M1Y,Sp phosphorothioate + deoxyribose + pseudouridine,Central residue
29,UJA,PS1,RC3,RUU,Sp phosphorothioate + ribose + uracil,Central residue
30,NAU,PS1,RC3,RAA,Sp phosphorothioate + ribose + adenine,Central residue
31,QTR,PS1,RC3,RCC,Sp phosphorothioate + ribose + cytosine,Central residue
32,OHN,PS1,RC3,RGG,Sp phosphorothioate + ribose + guanine,Central residue
33,OFW,PS1,RC3,M5C,Sp phosphorothioate + ribose + 5-methylcytosine,Central residue
34,RAA,PS1,RC3,M1Y,Sp phosphorothioate + ribose + pseudouridine,Central residue
35,KEB,PS1,AF2,RUU,Sp phosphorothioate + 2'-fluoro + uracil,Central residue
36,DMO,PS1,AF2,RAA,Sp phosphorothioate + 2'-fluoro + adenine,Central residue
37,ZBC,PS1,AF2,RCC,Sp phosphorothioate + 2'-fluoro + cytosine,Central residue
38,AET,PS1,AF2,RGG,Sp phosphorothioate + 2'-fluoro + guanine,Central residue
39,TGO,PS1,AF2,M5C,Sp phosphorothioate + 2'-fluoro + 5-methylcytosine,Central residue
40,HLT,PS1,AF2,M1Y,Sp phosphorothioate + 2'-fluoro + pseudouridine,Central residue
41,XID,PS1,OME,RUU,Sp phosphorothioate + 2'-O-methyl + uracil,Central residue
42,WDH,PS1,OME,RAA,Sp phosphorothioate + 2'-O-methyl + adenine,Central residue
43,WOX,PS1,OME,RCC,Sp phosphorothioate + 2'-O-methyl + cytosine,Central residue
44,LVA,PS1,OME,RGG,Sp phosphorothioate + 2'-O-methyl + guanine,Central residue
45,NSG,PS1,OME,M5C,Sp phosphorothioate + 2'-O-methyl + 5-methylcytosine,Central residue
46,IWS,PS1,OME,M1Y,Sp phosphorothioate + 2'-O-methyl + pseudouridine,Central residue
47,EBN,PS1,MOE,RUU,Sp phosphorothioate + 2'-O-(2-methoxyethyl) + uracil,Central residue
48,VTR,PS1,MOE,RAA,Sp phosphorothioate + 2'-O-(2-methoxyethyl) + adenine,Central residue
49,CNY,PS1,MOE,RCC,Sp phosphorothioate + 2'-O-(2-methoxyethyl) + cytosine,Central residue
50,GIR,PS1,MOE,RGG,Sp phosphorothioate + 2'-O-(2-methoxyethyl) + guanine,Central residue
51,SKJ,PS1,MOE,M5C,Sp phosphorothioate + 2'-O-(2-methoxyethyl) + 5-methylcytosine,Central residue
52,MRM,PS1,MOE,M1Y,Sp phosphorothioate + 2'-O-(2-methoxyethyl) + pseudouridine,Central residue
53,XIH,PS2,DC2,DAA,Rp phosphorothioate + deoxyribose + adenine,Central residue
54,YJT,PS2,DC2,DCC,Rp phosphorothioate + deoxyribose + cytosine,Central residue
55,WPV,PS2,DC2,DGG,Rp phosphorothioate + deoxyribose + guanine,Central residue
56,UHU,PS2,DC2,DTT,Rp phosphorothioate + deoxyribose + thymine,Central residue
57,GNB,PS2,DC2,M5C,Rp phosphorothioate + deoxyribose + 5-methylcytosine,Central residue
58,QEB,PS2,DC2,M1Y,Rp phosphorothioate + deoxyribose + pseudouridine,Central residue
59,IPO,PS2,RC3,RUU,Rp phosphorothioate + ribose + uracil,Central residue
60,CIV,PS2,RC3,RAA,Rp phosphorothioate + ribose + adenine,Central residue
61,ENF,PS2,RC3,RCC,Rp phosphorothioate + ribose + cytosine,Central residue
62,SBE,PS2,RC3,RGG,Rp phosphorothioate + ribose + guanine,Central residue
63,CVX,PS2,RC3,M5C,Rp phosphorothioate + ribose + 5-methylcytosine,Central residue
64,NKB,PS2,RC3,M1Y,Rp phosphorothioate + ribose + pseudouridine,Central residue
65,HCD,PS2,AF2,RUU,Rp phosphorothioate + 2'-fluoro + uracil,Central residue
66,YTY,PS2,AF2,RAA,Rp phosphorothioate + 2'-fluoro + adenine,Central residue
67,HDO,PS2,AF2,RCC,Rp phosphorothioate + 2'-fluoro + cytosine,Central residue
68,IFF,PS2,AF2,RGG,Rp phosphorothioate + 2'-fluoro + guanine,Central residue
69,NOZ,PS2,AF2,M5C,Rp phosphorothioate + 2'-fluoro + 5-methylcytosine,Central residue
70,SOD,PS2,AF2,M1Y,Rp phosphorothioate + 2'-fluoro + pseudouridine,Central residue
71,XHI,PS2,OME,RUU,Rp phosphorothioate + 2'-O-methyl + uracil,Central residue
72,YPU,PS2,OME,RAA,Rp phosphorothioate + 2'-O-methyl + adenine,Central residue
73,DDD,PS2,OME,RCC,Rp phosphorothioate + 2'-O-methyl + cytosine,Central residue
74,NDL,PS2,OME,RGG,Rp phosphorothioate + 2'-O-methyl + guanine,Central residue
75,PKU,PS2,OME,M5C,Rp phosphorothioate + 2'-O-methyl + 5-methylcytosine,Central residue
76,RKQ,PS2,OME,M1Y,Rp phosphorothioate + 2'-O-methyl + pseudouridine,Central residue
77,QYY,PS2,MOE,RUU,Rp phosphorothioate + 2'-O-(2-methoxyethyl) + uracil,Central residue
78,ZCH,PS2,MOE,RAA,Rp phosphorothioate + 2'-O-(2-methoxyethyl) + adenine,Central residue
79,QIX,PS2,MOE,RCC,Rp phosphorothioate + 2'-O-(2-methoxyethyl) + cytosine,Central residue
80,ITF,PS2,MOE,RGG,Rp phosphorothioate + 2'-O-(2-methoxyethyl) + guanine,Central residue
81,UCD,PS2,MOE,M5C,Rp phosphorothioate + 2'-O-(2-methoxyethyl) + 5-methylcytosine,Central residue
82,UWH,PS2,MOE,M1Y,Rp phosphorothioate + 2'-O-(2-methoxyethyl) + pseudouridine,Central residue
83,KPA,DPO,DC2,RUU,phosphate + deoxyribose + uracil,Central residue
84,ZVR,PS1,DC2,RUU,Sp phosphorothioate + deoxyribose + uracil,Central residue
85,BFP,PS2,DC2,RUU,Rp phosphorothioate + deoxyribose + uracil,Central residue
86,ZAQ,RPO,RC3,DTT,phosphate + ribose + thymine,Central residue
87,VAA,PS1,RC3,DTT,Sp phosphorothioate + ribose + thymine,Central residue
88,PBU,PS2,RC3,DTT,Rp phosphorothioate + ribose + thymine,Central residue
89,PVG,RPO,AF2,DTT,phosphate + 2'-fluoro + thymine,Central residue
90,PEE,RPO,MOE,DTT,phosphate + 2'-O-(2-methoxyethyl) + thymine,Central residue
91,OQX,RPO,OME,DTT,phosphate + 2'-O-methyl + thymine,Central residue
92,FTS,PS1,AF2,DTT,Sp phosphorothioate + 2'-fluoro + thymine,Central residue
93,QDN,PS1,MOE,DTT,Sp phosphorothioate + 2'-O-(2-methoxyethyl) + thymine,Central residue
94,LBL,PS1,OME,DTT,Sp phosphorothioate + 2'-O-methyl + thymine,Central residue
95,PQD,PS2,AF2,DTT,Rp phosphorothioate + 2'-fluoro + thymine,Central residue
96,KTO,PS2,MOE,DTT,Rp phosphorothioate + 2'-O-(2-methoxyethyl) + thymine,Central residue
97,DLT,PS2,OME,DTT,Rp phosphorothioate + 2'-O-methyl + thymine,Central residue
98,IFE,DPO,DC2,M5C,phosphate + deoxyribose + 5-methylcytosine,3' terminal residue
99,QET,DPO,DC2,M1Y,phosphate + deoxyribose + pseudouridine,3' terminal residue
100,TRV,RPO,RC3,M5C,phosphate + ribose + 5-methylcytosine,3' terminal residue
101,ZGC,RPO,RC3,M1Y,phosphate + ribose + pseudouridine,3' terminal residue
102,CWM,RPO,AF2,RUU,phosphate + 2'-fluoro + uracil,3' terminal residue
103,HYG,RPO,AF2,RAA,phosphate + 2'-fluoro + adenine,3' terminal residue
104,IPA,RPO,AF2,RCC,phosphate + 2'-fluoro + cytosine,3' terminal residue
105,ODC,RPO,AF2,RGG,phosphate + 2'-fluoro + guanine,3' terminal residue
106,OXC,RPO,AF2,M5C,phosphate + 2'-fluoro + 5-methylcytosine,3' terminal residue
107,OHW,RPO,AF2,M1Y,phosphate + 2'-fluoro + pseudouridine,3' terminal residue
108,ONF,RPO,OME,RUU,phosphate + 2'-O-methyl + uracil,3' terminal residue
109,ZES,RPO,OME,RAA,phosphate + 2'-O-methyl + adenine,3' terminal residue
110,RJI,RPO,OME,RCC,phosphate + 2'-O-methyl + cytosine,3' terminal residue
111,HHT,RPO,OME,RGG,phosphate + 2'-O-methyl + guanine,3' terminal residue
112,GGM,RPO,OME,M5C,phosphate + 2'-O-methyl + 5-methylcytosine,3' terminal residue
113,TTZ,RPO,OME,M1Y,phosphate + 2'-O-methyl + pseudouridine,3' terminal residue
114,NWO,RPO,MOE,RUU,phosphate + 2'-O-(2-methoxyethyl) + uracil,3' terminal residue
115,HRM,RPO,MOE,RAA,phosphate + 2'-O-(2-methoxyethyl) + adenine,3' terminal residue
116,YCV,RPO,MOE,RCC,phosphate + 2'-O-(2-methoxyethyl) + cytosine,3' terminal residue
117,TPK,RPO,MOE,RGG,phosphate + 2'-O-(2-methoxyethyl) + guanine,3' terminal residue
118,GKM,RPO,MOE,M5C,phosphate + 2'-O-(2-methoxyethyl) + 5-methylcytosine,3' terminal residue
119,CKB,RPO,MOE,M1Y,phosphate + 2'-O-(2-methoxyethyl) + pseudouridine,3' terminal residue
120,RHS,PS1,DC2,DAA,Sp phosphorothioate + deoxyribose + adenine,3' terminal residue
121,LKJ,PS1,DC2,DCC,Sp phosphorothioate + deoxyribose + cytosine,3' terminal residue
122,GOZ,PS1,DC2,DGG,Sp phosphorothioate + deoxyribose + guanine,3' terminal residue
123,FXV,PS1,DC2,DTT,Sp phosphorothioate + deoxyribose + thymine,3' terminal residue
124,ZVI,PS1,DC2,M5C,Sp phosphorothioate + deoxyribose + 5-methylcytosine,3' terminal residue
125,EMV,PS1,DC2,M1Y,Sp phosphorothioate + deoxyribose + pseudouridine,3' terminal residue
126,VXC,PS1,RC3,RUU,Sp phosphorothioate + ribose + uracil,3' terminal residue
127,EEZ,PS1,RC3,RAA,Sp phosphorothioate + ribose + adenine,3' terminal residue
128,KVL,PS1,RC3,RCC,Sp phosphorothioate + ribose + cytosine,3' terminal residue
129,VPP,PS1,RC3,RGG,Sp phosphorothioate + ribose + guanine,3' terminal residue
130,PKT,PS1,RC3,M5C,Sp phosphorothioate + ribose + 5-methylcytosine,3' terminal residue
131,EAZ,PS1,RC3,M1Y,Sp phosphorothioate + ribose + pseudouridine,3' terminal residue
132,CNK,PS1,AF2,RUU,Sp phosphorothioate + 2'-fluoro + uracil,3' terminal residue
133,YIS,PS1,AF2,RAA,Sp phosphorothioate + 2'-fluoro + adenine,3' terminal residue
134,ULE,PS1,AF2,RCC,Sp phosphorothioate + 2'-fluoro + cytosine,3' terminal residue
135,MSZ,PS1,AF2,RGG,Sp phosphorothioate + 2'-fluoro + guanine,3' terminal residue
136,KGX,PS1,AF2,M5C,Sp phosphorothioate + 2'-fluoro + 5-methylcytosine,3' terminal residue
137,GOA,PS1,AF2,M1Y,Sp phosphorothioate + 2'-fluoro + pseudouridine,3' terminal residue
138,IAL,PS1,OME,RUU,Sp phosphorothioate + 2'-O-methyl + uracil,3' terminal residue
139,XEY,PS1,OME,RAA,Sp phosphorothioate + 2'-O-methyl + adenine,3' terminal residue
140,ALW,PS1,OME,RCC,Sp phosphorothioate + 2'-O-methyl + cytosine,3' terminal residue
141,BIQ,PS1,OME,RGG,Sp phosphorothioate + 2'-O-methyl + guanine,3' terminal residue
142,QWP,PS1,OME,M5C,Sp phosphorothioate + 2'-O-methyl + 5-methylcytosine,3' terminal residue
143,PWO,PS1,OME,M1Y,Sp phosphorothioate + 2'-O-methyl + pseudouridine,3' terminal residue
144,WAM,PS1,MOE,RUU,Sp phosphorothioate + 2'-O-(2-methoxyethyl) + uracil,3' terminal residue
145,HSB,PS1,MOE,RAA,Sp phosphorothioate + 2'-O-(2-methoxyethyl) + adenine,3' terminal residue
146,JID,PS1,MOE,RCC,Sp phosphorothioate + 2'-O-(2-methoxyethyl) + cytosine,3' terminal residue
147,QVH,PS1,MOE,RGG,Sp phosphorothioate + 2'-O-(2-methoxyethyl) + guanine,3' terminal residue
148,XSN,PS1,MOE,M5C,Sp phosphorothioate + 2'-O-(2-methoxyethyl) + 5-methylcytosine,3' terminal residue
149,ADB,PS1,MOE,M1Y,Sp phosphorothioate + 2'-O-(2-methoxyethyl) + pseudouridine,3' terminal residue
150,DUR,PS2,DC2,DAA,Rp phosphorothioate + deoxyribose + adenine,3' terminal residue
151,TSW,PS2,DC2,DCC,Rp phosphorothioate + deoxyribose + cytosine,3' terminal residue
152,YWV,PS2,DC2,DGG,Rp phosphorothioate + deoxyribose + guanine,3' terminal residue
153,HEV,PS2,DC2,DTT,Rp phosphorothioate + deoxyribose + thymine,3' terminal residue
154,ODN,PS2,DC2,M5C,Rp phosphorothioate + deoxyribose + 5-methylcytosine,3' terminal residue
155,CRN,PS2,DC2,M1Y,Rp phosphorothioate + deoxyribose + pseudouridine,3' terminal residue
156,IOK,PS2,RC3,RUU,Rp phosphorothioate + ribose + uracil,3' terminal residue
157,AGV,PS2,RC3,RAA,Rp phosphorothioate + ribose + adenine,3' terminal residue
158,MJL,PS2,RC3,RCC,Rp phosphorothioate + ribose + cytosine,3' terminal residue
159,ORR,PS2,RC3,RGG,Rp phosphorothioate + ribose + guanine,3' terminal residue
160,SIN,PS2,RC3,M5C,Rp phosphorothioate + ribose + 5-methylcytosine,3' terminal residue
161,JWV,PS2,RC3,M1Y,Rp phosphorothioate + ribose + pseudouridine,3' terminal residue
162,TLE,PS2,AF2,RUU,Rp phosphorothioate + 2'-fluoro + uracil,3' terminal residue
163,EHQ,PS2,AF2,RAA,Rp phosphorothioate + 2'-fluoro + adenine,3' terminal residue
164,LPW,PS2,AF2,RCC,Rp phosphorothioate + 2'-fluoro + cytosine,3' terminal residue
165,VSH,PS2,AF2,RGG,Rp phosphorothioate + 2'-fluoro + guanine,3' terminal residue
166,CMB,PS2,AF2,M5C,Rp phosphorothioate + 2'-fluoro + 5-methylcytosine,3' terminal residue
167,UZQ,PS2,AF2,M1Y,Rp phosphorothioate + 2'-fluoro + pseudouridine,3' terminal residue
168,NXN,PS2,OME,RUU,Rp phosphorothioate + 2'-O-methyl + uracil,3' terminal residue
169,PFH,PS2,OME,RAA,Rp phosphorothioate + 2'-O-methyl + adenine,3' terminal residue
170,RVU,PS2,OME,RCC,Rp phosphorothioate + 2'-O-methyl + cytosine,3' terminal residue
171,OPR,PS2,OME,RGG,Rp phosphorothioate + 2'-O-methyl + guanine,3' terminal residue
172,ZRN,PS2,OME,M5C,Rp phosphorothioate + 2'-O-methyl + 5-methylcytosine,3' terminal residue
173,CWT,PS2,OME,M1Y,Rp phosphorothioate + 2'-O-methyl + pseudouridine,3' terminal residue
174,TQT,PS2,MOE,RUU,Rp phosphorothioate + 2'-O-(2-methoxyethyl) + uracil,3' terminal residue
175,UAO,PS2,MOE,RAA,Rp phosphorothioate + 2'-O-(2-methoxyethyl) + adenine,3' terminal residue
176,TWM,PS2,MOE,RCC,Rp phosphorothioate + 2'-O-(2-methoxyethyl) + cytosine,3' terminal residue
177,FAG,PS2,MOE,RGG,Rp phosphorothioate + 2'-O-(2-methoxyethyl) + guanine,3' terminal residue
178,FOD,PS2,MOE,M5C,Rp phosphorothioate + 2'-O-(2-methoxyethyl) + 5-methylcytosine,3' terminal residue
179,KQE,PS2,MOE,M1Y,Rp phosphorothioate + 2'-O-(2-methoxyethyl) + pseudouridine,3' terminal residue
180,JWK,DPO,DC2,RUU,phosphate + deoxyribose + uracil,3' terminal residue
181,HLP,PS1,DC2,RUU,Sp phosphorothioate + deoxyribose + uracil,3' terminal residue
182,ZLR,PS2,DC2,RUU,Rp phosphorothioate + deoxyribose + uracil,3' terminal residue
183,UVS,RPO,RC3,DTT,phosphate + ribose + thymine,3' terminal residue
184,RYE,PS1,RC3,DTT,Sp phosphorothioate + ribose + thymine,3' terminal residue
185,XML,PS2,RC3,DTT,Rp phosphorothioate + ribose + thymine,3' terminal residue
186,SPN,RPO,AF2,DTT,phosphate + 2'-fluoro + thymine,3' terminal residue
187,WIM,RPO,MOE,DTT,phosphate + 2'-O-(2-methoxyethyl) + thymine,3' terminal residue
188,TSE,RPO,OME,DTT,phosphate + 2'-O-methyl + thymine,3' terminal residue
189,NNV,PS1,AF2,DTT,Sp phosphorothioate + 2'-fluoro + thymine,3' terminal residue
190,FRM,PS1,MOE,DTT,Sp phosphorothioate + 2'-O-(2-methoxyethyl) + thymine,3' terminal residue
191,MAK,PS1,OME,DTT,Sp phosphorothioate + 2'-O-methyl + thymine,3' terminal residue
192,HNT,PS2,AF2,DTT,Rp phosphorothioate + 2'-fluoro + thymine,3' terminal residue
193,GVP,PS2,MOE,DTT,Rp phosphorothioate + 2'-O-(2-methoxyethyl) + thymine,3' terminal residue
194,TKK,PS2,OME,DTT,Rp phosphorothioate + 2'-O-methyl + thymine,3' terminal residue
195,XHZ,5PO,DC2,M5C,5'OH + deoxyribose + 5-methylcytosine,5' terminal residue
196,XZM,5PO,DC2,M1Y,5'OH + deoxyribose + pseudouridine,5' terminal residue
197,ORB,5PO,RC3,M5C,5'OH + ribose + 5-methylcytosine,5' terminal residue
198,KIG,5PO,RC3,M1Y,5'OH + ribose + pseudouridine,5' terminal residue
199,DOF,5PO,AF2,RUU,5'OH + 2'-fluoro + uracil,5' terminal residue
200,NPF,5PO,AF2,RAA,5'OH + 2'-fluoro + adenine,5' terminal residue
201,RHC,5PO,AF2,RCC,5'OH + 2'-fluoro + cytosine,5' terminal residue
202,DOL,5PO,AF2,RGG,5'OH + 2'-fluoro + guanine,5' terminal residue
203,FEU,5PO,AF2,M5C,5'OH + 2'-fluoro + 5-methylcytosine,5' terminal residue
204,SMN,5PO,AF2,M1Y,5'OH + 2'-fluoro + pseudouridine,5' terminal residue
205,SBD,5PO,OME,RUU,5'OH + 2'-O-methyl + uracil,5' terminal residue
206,RQD,5PO,OME,RAA,5'OH + 2'-O-methyl + adenine,5' terminal residue
207,HCO,5PO,OME,RCC,5'OH + 2'-O-methyl + cytosine,5' terminal residue
208,ION,5PO,OME,RGG,5'OH + 2'-O-methyl + guanine,5' terminal residue
209,OZX,5PO,OME,M5C,5'OH + 2'-O-methyl + 5-methylcytosine,5' terminal residue
210,DFM,5PO,OME,M1Y,5'OH + 2'-O-methyl + pseudouridine,5' terminal residue
211,ZQD,5PO,MOE,RUU,5'OH + 2'-O-(2-methoxyethyl) + uracil,5' terminal residue
212,OSO,5PO,MOE,RAA,5'OH + 2'-O-(2-methoxyethyl) + adenine,5' terminal residue
213,ZJG,5PO,MOE,RCC,5'OH + 2'-O-(2-methoxyethyl) + cytosine,5' terminal residue
214,YZS,5PO,MOE,RGG,5'OH + 2'-O-(2-methoxyethyl) + guanine,5' terminal residue
215,NMW,5PO,MOE,M5C,5'OH + 2'-O-(2-methoxyethyl) + 5-methylcytosine,5' terminal residue
216,EJU,5PO,MOE,M1Y,5'OH + 2'-O-(2-methoxyethyl) + pseudouridine,5' terminal residue
217,ZFH,5PO,DC2,RUU,5'OH + deoxyribose + uracil,5' terminal residue
218,WDP,5PO,RC3,DTT,5'OH + ribose + thymine,5' terminal residue
219,BOD,5PO,AF2,DTT,5'OH + 2'-fluoro + thymine,5' terminal residue
220,KGQ,5PO,MOE,DTT,5'OH + 2'-O-(2-methoxyethyl) + thymine,5' terminal residue
221,VSB,5PO,OME,DTT,5'OH + 2'-O-methyl + thymine,5' terminal residue
